first,second
Улья,Иоганн Шмидт
Улья,Арним Зола
Улья,Александр Пирс
Улья,Вольфганг фон Штрукер
Улья,Дэниел Уайтхолл
Улья,Октавиан Блум
Улья,Банкир
Улья,Шейх
Улья,Баронесса
Улья,Грант Уорд
Улья,Гидеон Малик
Улья,Улей
Улья,Генерал Хейл
Иоганн Шмидт,Арним Зола
Иоганн Шмидт,Александр Пирс
Иоганн Шмидт,Вольфганг фон Штрукер
Иоганн Шмидт,Дэниел Уайтхолл
Иоганн Шмидт,Октавиан Блум
Иоганн Шмидт,Банкир
Иоганн Шмидт,Шейх
Иоганн Шмидт,Баронесса
Иоганн Шмидт,Грант Уорд
Иоганн Шмидт,Гидеон Малик
Иоганн Шмидт,Улей
Иоганн Шмидт,Генерал Хейл
Иоганн Шмидт,Зимний солдат
Иоганн Шмидт,Хайнц Крюгер
Иоганн Шмидт,Брок Рамлоу
Иоганн Шмидт,Карл Крил
Иоганн Шмидт,Стерн
Иоганн Шмидт,Агент 33
Иоганн Шмидт,Джемма Симмонс
Иоганн Шмидт,Бобби Морс
Иоганн Шмидт,Лист
Иоганн Шмидт,Джаспер Ситуэлл
Иоганн Шмидт,Джон Гарретт
Иоганн Шмидт,Санил Бакши
Иоганн Шмидт,Кибо
Иоганн Шмидт,Стефани Малик
Иоганн Шмидт,Люсио
Иоганн Шмидт,Кирк Фогель
Иоганн Шмидт,Василий Карпов
Иоганн Шмидт,Гиера
Иоганн Шмидт,Юрий Зайкин
Иоганн Шмидт,Виктор Орлов
Иоганн Шмидт,Антон Иванов
Иоганн Шмидт,Руби Хейл
Иоганн Шмидт,Вернер фон Штрукер
Иоганн Шмидт,Гленн Талбот
Иоганн Шмидт,Ванда Максимофф
Иоганн Шмидт,Пьетро Максимофф
Иоганн Шмидт,Покупатель ГИДРЫ
Иоганн Шмидт,Акила Амадор
Иоганн Шмидт,Майкл Питерсон
Иоганн Шмидт,Эдисон По
Иоганн Шмидт,Йен Куинн
Иоганн Шмидт,Джозеф
Иоганн Шмидт,Натаниэль Малик
Иоганн Шмидт,Рейна
Арним Зола,Зимний солдат
Арним Зола,Хайнц Крюгер
Арним Зола,Брок Рамлоу
Арним Зола,Карл Крил
Арним Зола,Стерн
Арним Зола,Агент 33
Арним Зола,Джемма Симмонс
Арним Зола,Бобби Морс
Арним Зола,Лист
Арним Зола,Джаспер Ситуэлл
Арним Зола,Джон Гарретт
Арним Зола,Санил Бакши
Арним Зола,Кибо
Арним Зола,Стефани Малик
Арним Зола,Люсио
Арним Зола,Кирк Фогель
Арним Зола,Василий Карпов
Арним Зола,Гиера
Арним Зола,Юрий Зайкин
Арним Зола,Виктор Орлов
Арним Зола,Антон Иванов
Арним Зола,Руби Хейл
Арним Зола,Вернер фон Штрукер
Арним Зола,Гленн Талбот
Арним Зола,Ванда Максимофф
Арним Зола,Пьетро Максимофф
Арним Зола,Покупатель ГИДРЫ
Арним Зола,Акила Амадор
Арним Зола,Майкл Питерсон
Арним Зола,Эдисон По
Арним Зола,Йен Куинн
Арним Зола,Джозеф
Арним Зола,Натаниэль Малик
Арним Зола,Рейна
Александр Пирс,Зимний солдат
Александр Пирс,Хайнц Крюгер
Александр Пирс,Брок Рамлоу
Александр Пирс,Карл Крил
Александр Пирс,Стерн
Александр Пирс,Агент 33
Александр Пирс,Джемма Симмонс
Александр Пирс,Бобби Морс
Александр Пирс,Лист
Александр Пирс,Джаспер Ситуэлл
Александр Пирс,Джон Гарретт
Александр Пирс,Санил Бакши
Александр Пирс,Кибо
Александр Пирс,Стефани Малик
Александр Пирс,Люсио
Александр Пирс,Кирк Фогель
Александр Пирс,Василий Карпов
Александр Пирс,Гиера
Александр Пирс,Юрий Зайкин
Александр Пирс,Виктор Орлов
Александр Пирс,Антон Иванов
Александр Пирс,Руби Хейл
Александр Пирс,Вернер фон Штрукер
Александр Пирс,Гленн Талбот
Александр Пирс,Ванда Максимофф
Александр Пирс,Пьетро Максимофф
Александр Пирс,Покупатель ГИДРЫ
Александр Пирс,Акила Амадор
Александр Пирс,Майкл Питерсон
Александр Пирс,Эдисон По
Александр Пирс,Йен Куинн
Александр Пирс,Джозеф
Александр Пирс,Натаниэль Малик
Александр Пирс,Рейна
Вольфганг фон Штрукер,Зимний солдат
Вольфганг фон Штрукер,Хайнц Крюгер
Вольфганг фон Штрукер,Брок Рамлоу
Вольфганг фон Штрукер,Карл Крил
Вольфганг фон Штрукер,Стерн
Вольфганг фон Штрукер,Агент 33
Вольфганг фон Штрукер,Джемма Симмонс
Вольфганг фон Штрукер,Бобби Морс
Вольфганг фон Штрукер,Лист
Вольфганг фон Штрукер,Джаспер Ситуэлл
Вольфганг фон Штрукер,Джон Гарретт
Вольфганг фон Штрукер,Санил Бакши
Вольфганг фон Штрукер,Кибо
Вольфганг фон Штрукер,Стефани Малик
Вольфганг фон Штрукер,Люсио
Вольфганг фон Штрукер,Кирк Фогель
Вольфганг фон Штрукер,Василий Карпов
Вольфганг фон Штрукер,Гиера
Вольфганг фон Штрукер,Юрий Зайкин
Вольфганг фон Штрукер,Виктор Орлов
Вольфганг фон Штрукер,Антон Иванов
Вольфганг фон Штрукер,Руби Хейл
Вольфганг фон Штрукер,Вернер фон Штрукер
Вольфганг фон Штрукер,Гленн Талбот
Вольфганг фон Штрукер,Ванда Максимофф
Вольфганг фон Штрукер,Пьетро Максимофф
Вольфганг фон Штрукер,Покупатель ГИДРЫ
Вольфганг фон Штрукер,Акила Амадор
Вольфганг фон Штрукер,Майкл Питерсон
Вольфганг фон Штрукер,Эдисон По
Вольфганг фон Штрукер,Йен Куинн
Вольфганг фон Штрукер,Джозеф
Вольфганг фон Штрукер,Натаниэль Малик
Вольфганг фон Штрукер,Рейна
Дэниел Уайтхолл,Зимний солдат
Дэниел Уайтхолл,Хайнц Крюгер
Дэниел Уайтхолл,Брок Рамлоу
Дэниел Уайтхолл,Карл Крил
Дэниел Уайтхолл,Стерн
Дэниел Уайтхолл,Агент 33
Дэниел Уайтхолл,Джемма Симмонс
Дэниел Уайтхолл,Бобби Морс
Дэниел Уайтхолл,Лист
Дэниел Уайтхолл,Джаспер Ситуэлл
Дэниел Уайтхолл,Джон Гарретт
Дэниел Уайтхолл,Санил Бакши
Дэниел Уайтхолл,Кибо
Дэниел Уайтхолл,Стефани Малик
Дэниел Уайтхолл,Люсио
Дэниел Уайтхолл,Кирк Фогель
Дэниел Уайтхолл,Василий Карпов
Дэниел Уайтхолл,Гиера
Дэниел Уайтхолл,Юрий Зайкин
Дэниел Уайтхолл,Виктор Орлов
Дэниел Уайтхолл,Антон Иванов
Дэниел Уайтхолл,Руби Хейл
Дэниел Уайтхолл,Вернер фон Штрукер
Дэниел Уайтхолл,Гленн Талбот
Дэниел Уайтхолл,Ванда Максимофф
Дэниел Уайтхолл,Пьетро Максимофф
Дэниел Уайтхолл,Покупатель ГИДРЫ
Дэниел Уайтхолл,Акила Амадор
Дэниел Уайтхолл,Майкл Питерсон
Дэниел Уайтхолл,Эдисон По
Дэниел Уайтхолл,Йен Куинн
Дэниел Уайтхолл,Джозеф
Дэниел Уайтхолл,Натаниэль Малик
Дэниел Уайтхолл,Рейна
Октавиан Блум,Зимний солдат
Октавиан Блум,Хайнц Крюгер
Октавиан Блум,Брок Рамлоу
Октавиан Блум,Карл Крил
Октавиан Блум,Стерн
Октавиан Блум,Агент 33
Октавиан Блум,Джемма Симмонс
Октавиан Блум,Бобби Морс
Октавиан Блум,Лист
Октавиан Блум,Джаспер Ситуэлл
Октавиан Блум,Джон Гарретт
Октавиан Блум,Санил Бакши
Октавиан Блум,Кибо
Октавиан Блум,Стефани Малик
Октавиан Блум,Люсио
Октавиан Блум,Кирк Фогель
Октавиан Блум,Василий Карпов
Октавиан Блум,Гиера
Октавиан Блум,Юрий Зайкин
Октавиан Блум,Виктор Орлов
Октавиан Блум,Антон Иванов
Октавиан Блум,Руби Хейл
Октавиан Блум,Вернер фон Штрукер
Октавиан Блум,Гленн Талбот
Октавиан Блум,Ванда Максимофф
Октавиан Блум,Пьетро Максимофф
Октавиан Блум,Покупатель ГИДРЫ
Октавиан Блум,Акила Амадор
Октавиан Блум,Майкл Питерсон
Октавиан Блум,Эдисон По
Октавиан Блум,Йен Куинн
Октавиан Блум,Джозеф
Октавиан Блум,Натаниэль Малик
Октавиан Блум,Рейна
Банкир,Зимний солдат
Банкир,Хайнц Крюгер
Банкир,Брок Рамлоу
Банкир,Карл Крил
Банкир,Стерн
Банкир,Агент 33
Банкир,Джемма Симмонс
Банкир,Бобби Морс
Банкир,Лист
Банкир,Джаспер Ситуэлл
Банкир,Джон Гарретт
Банкир,Санил Бакши
Банкир,Кибо
Банкир,Стефани Малик
Банкир,Люсио
Банкир,Кирк Фогель
Банкир,Василий Карпов
Банкир,Гиера
Банкир,Юрий Зайкин
Банкир,Виктор Орлов
Банкир,Антон Иванов
Банкир,Руби Хейл
Банкир,Вернер фон Штрукер
Банкир,Гленн Талбот
Банкир,Ванда Максимофф
Банкир,Пьетро Максимофф
Банкир,Покупатель ГИДРЫ
Банкир,Акила Амадор
Банкир,Майкл Питерсон
Банкир,Эдисон По
Банкир,Йен Куинн
Банкир,Джозеф
Банкир,Натаниэль Малик
Банкир,Рейна
Шейх,Зимний солдат
Шейх,Хайнц Крюгер
Шейх,Брок Рамлоу
Шейх,Карл Крил
Шейх,Стерн
Шейх,Агент 33
Шейх,Джемма Симмонс
Шейх,Бобби Морс
Шейх,Лист
Шейх,Джаспер Ситуэлл
Шейх,Джон Гарретт
Шейх,Санил Бакши
Шейх,Кибо
Шейх,Стефани Малик
Шейх,Люсио
Шейх,Кирк Фогель
Шейх,Василий Карпов
Шейх,Гиера
Шейх,Юрий Зайкин
Шейх,Виктор Орлов
Шейх,Антон Иванов
Шейх,Руби Хейл
Шейх,Вернер фон Штрукер
Шейх,Гленн Талбот
Шейх,Ванда Максимофф
Шейх,Пьетро Максимофф
Шейх,Покупатель ГИДРЫ
Шейх,Акила Амадор
Шейх,Майкл Питерсон
Шейх,Эдисон По
Шейх,Йен Куинн
Шейх,Джозеф
Шейх,Натаниэль Малик
Шейх,Рейна
Баронесса,Зимний солдат
Баронесса,Хайнц Крюгер
Баронесса,Брок Рамлоу
Баронесса,Карл Крил
Баронесса,Стерн
Баронесса,Агент 33
Баронесса,Джемма Симмонс
Баронесса,Бобби Морс
Баронесса,Лист
Баронесса,Джаспер Ситуэлл
Баронесса,Джон Гарретт
Баронесса,Санил Бакши
Баронесса,Кибо
Баронесса,Стефани Малик
Баронесса,Люсио
Баронесса,Кирк Фогель
Баронесса,Василий Карпов
Баронесса,Гиера
Баронесса,Юрий Зайкин
Баронесса,Виктор Орлов
Баронесса,Антон Иванов
Баронесса,Руби Хейл
Баронесса,Вернер фон Штрукер
Баронесса,Гленн Талбот
Баронесса,Ванда Максимофф
Баронесса,Пьетро Максимофф
Баронесса,Покупатель ГИДРЫ
Баронесса,Акила Амадор
Баронесса,Майкл Питерсон
Баронесса,Эдисон По
Баронесса,Йен Куинн
Баронесса,Джозеф
Баронесса,Натаниэль Малик
Баронесса,Рейна
Грант Уорд,Зимний солдат
Грант Уорд,Хайнц Крюгер
Грант Уорд,Брок Рамлоу
Грант Уорд,Карл Крил
Грант Уорд,Стерн
Грант Уорд,Агент 33
Грант Уорд,Джемма Симмонс
Грант Уорд,Бобби Морс
Грант Уорд,Лист
Грант Уорд,Джаспер Ситуэлл
Грант Уорд,Джон Гарретт
Грант Уорд,Санил Бакши
Грант Уорд,Кибо
Грант Уорд,Стефани Малик
Грант Уорд,Люсио
Грант Уорд,Кирк Фогель
Грант Уорд,Василий Карпов
Грант Уорд,Гиера
Грант Уорд,Юрий Зайкин
Грант Уорд,Виктор Орлов
Грант Уорд,Антон Иванов
Грант Уорд,Руби Хейл
Грант Уорд,Вернер фон Штрукер
Грант Уорд,Гленн Талбот
Грант Уорд,Ванда Максимофф
Грант Уорд,Пьетро Максимофф
Грант Уорд,Покупатель ГИДРЫ
Грант Уорд,Акила Амадор
Грант Уорд,Майкл Питерсон
Грант Уорд,Эдисон По
Грант Уорд,Йен Куинн
Грант Уорд,Джозеф
Грант Уорд,Натаниэль Малик
Грант Уорд,Рейна
Гидеон Малик,Зимний солдат
Гидеон Малик,Хайнц Крюгер
Гидеон Малик,Брок Рамлоу
Гидеон Малик,Карл Крил
Гидеон Малик,Стерн
Гидеон Малик,Агент 33
Гидеон Малик,Джемма Симмонс
Гидеон Малик,Бобби Морс
Гидеон Малик,Лист
Гидеон Малик,Джаспер Ситуэлл
Гидеон Малик,Джон Гарретт
Гидеон Малик,Санил Бакши
Гидеон Малик,Кибо
Гидеон Малик,Стефани Малик
Гидеон Малик,Люсио
Гидеон Малик,Кирк Фогель
Гидеон Малик,Василий Карпов
Гидеон Малик,Гиера
Гидеон Малик,Юрий Зайкин
Гидеон Малик,Виктор Орлов
Гидеон Малик,Антон Иванов
Гидеон Малик,Руби Хейл
Гидеон Малик,Вернер фон Штрукер
Гидеон Малик,Гленн Талбот
Гидеон Малик,Ванда Максимофф
Гидеон Малик,Пьетро Максимофф
Гидеон Малик,Покупатель ГИДРЫ
Гидеон Малик,Акила Амадор
Гидеон Малик,Майкл Питерсон
Гидеон Малик,Эдисон По
Гидеон Малик,Йен Куинн
Гидеон Малик,Джозеф
Гидеон Малик,Натаниэль Малик
Гидеон Малик,Рейна
Улей,Зимний солдат
Улей,Хайнц Крюгер
Улей,Брок Рамлоу
Улей,Карл Крил
Улей,Стерн
Улей,Агент 33
Улей,Джемма Симмонс
Улей,Бобби Морс
Улей,Лист
Улей,Джаспер Ситуэлл
Улей,Джон Гарретт
Улей,Санил Бакши
Улей,Кибо
Улей,Стефани Малик
Улей,Люсио
Улей,Кирк Фогель
Улей,Василий Карпов
Улей,Гиера
Улей,Юрий Зайкин
Улей,Виктор Орлов
Улей,Антон Иванов
Улей,Руби Хейл
Улей,Вернер фон Штрукер
Улей,Гленн Талбот
Улей,Ванда Максимофф
Улей,Пьетро Максимофф
Улей,Покупатель ГИДРЫ
Улей,Акила Амадор
Улей,Майкл Питерсон
Улей,Эдисон По
Улей,Йен Куинн
Улей,Джозеф
Улей,Натаниэль Малик
Улей,Рейна
Генерал Хейл,Зимний солдат
Генерал Хейл,Хайнц Крюгер
Генерал Хейл,Брок Рамлоу
Генерал Хейл,Карл Крил
Генерал Хейл,Стерн
Генерал Хейл,Агент 33
Генерал Хейл,Джемма Симмонс
Генерал Хейл,Бобби Морс
Генерал Хейл,Лист
Генерал Хейл,Джаспер Ситуэлл
Генерал Хейл,Джон Гарретт
Генерал Хейл,Санил Бакши
Генерал Хейл,Кибо
Генерал Хейл,Стефани Малик
Генерал Хейл,Люсио
Генерал Хейл,Кирк Фогель
Генерал Хейл,Василий Карпов
Генерал Хейл,Гиера
Генерал Хейл,Юрий Зайкин
Генерал Хейл,Виктор Орлов
Генерал Хейл,Антон Иванов
Генерал Хейл,Руби Хейл
Генерал Хейл,Вернер фон Штрукер
Генерал Хейл,Гленн Талбот
Генерал Хейл,Ванда Максимофф
Генерал Хейл,Пьетро Максимофф
Генерал Хейл,Покупатель ГИДРЫ
Генерал Хейл,Акила Амадор
Генерал Хейл,Майкл Питерсон
Генерал Хейл,Эдисон По
Генерал Хейл,Йен Куинн
Генерал Хейл,Джозеф
Генерал Хейл,Натаниэль Малик
Генерал Хейл,Рейна
Джек Роллинс,Зимний солдат
Джек Роллинс,Хайнц Крюгер
Джек Роллинс,Карл Крил
Джек Роллинс,Джемма Симмонс
Джек Роллинс,Бобби Морс
Джек Роллинс,Джаспер Ситуэлл
Джек Роллинс,Джон Гарретт
Джек Роллинс,Стефани Малик
Джек Роллинс,Люсио
Джек Роллинс,Гиера
Джек Роллинс,Юрий Зайкин
Джек Роллинс,Антон Иванов
Джек Роллинс,Вернер фон Штрукер
Джек Роллинс,Ванда Максимофф
Джек Роллинс,Покупатель ГИДРЫ
Джек Роллинс,Акила Амадор
Джек Роллинс,Йен Куинн
Джек Роллинс,Натаниэль Малик
Джек Роллинс,Рейна
Камински,Хайнц Крюгер
Камински,Брок Рамлоу
Камински,Карл Крил
Камински,Джемма Симмонс
Камински,Лист
Камински,Санил Бакши
Камински,Кибо
Камински,Люсио
Камински,Кирк Фогель
Камински,Василий Карпов
Камински,Гиера
Камински,Виктор Орлов
Камински,Руби Хейл
Камински,Вернер фон Штрукер
Камински,Пьетро Максимофф
Камински,Покупатель ГИДРЫ
Камински,Майкл Питерсон
Камински,Йен Куинн
Камински,Натаниэль Малик
Маркус Скарлотти,Хайнц Крюгер
Маркус Скарлотти,Карл Крил
Маркус Скарлотти,Стерн
Маркус Скарлотти,Бобби Морс
Маркус Скарлотти,Санил Бакши
Маркус Скарлотти,Кирк Фогель
Маркус Скарлотти,Гиера
Маркус Скарлотти,Виктор Орлов
Маркус Скарлотти,Руби Хейл
Маркус Скарлотти,Вернер фон Штрукер
Маркус Скарлотти,Пьетро Максимофф
Маркус Скарлотти,Покупатель ГИДРЫ
Маркус Скарлотти,Акила Амадор
Маркус Скарлотти,Джозеф
Маркус Скарлотти,Рейна
Жульен Беккерс,Зимний солдат
Жульен Беккерс,Хайнц Крюгер
Жульен Беккерс,Брок Рамлоу
Жульен Беккерс,Агент 33
Жульен Беккерс,Джон Гарретт
Жульен Беккерс,Кибо
Жульен Беккерс,Стефани Малик
Жульен Беккерс,Люсио
Жульен Беккерс,Кирк Фогель
Жульен Беккерс,Гиера
Жульен Беккерс,Юрий Зайкин
Жульен Беккерс,Ванда Максимофф
Жульен Беккерс,Пьетро Максимофф
Жульен Беккерс,Майкл Питерсон
Жульен Беккерс,Эдисон По
Жульен Беккерс,Джозеф
Жульен Беккерс,Натаниэль Малик
Митчелл Карсон,Хайнц Крюгер
Митчелл Карсон,Карл Крил
Митчелл Карсон,Агент 33
Митчелл Карсон,Бобби Морс
Митчелл Карсон,Джон Гарретт
Митчелл Карсон,Санил Бакши
Митчелл Карсон,Стефани Малик
Митчелл Карсон,Люсио
Митчелл Карсон,Василий Карпов
Митчелл Карсон,Вернер фон Штрукер
Митчелл Карсон,Ванда Максимофф
Митчелл Карсон,Пьетро Максимофф
Митчелл Карсон,Покупатель ГИДРЫ
Митчелл Карсон,Майкл Питерсон
Митчелл Карсон,Натаниэль Малик
Митчелл Карсон,Рейна
Кэндис Ли,Зимний солдат
Кэндис Ли,Хайнц Крюгер
Кэндис Ли,Брок Рамлоу
Кэндис Ли,Карл Крил
Кэндис Ли,Агент 33
Кэндис Ли,Джемма Симмонс
Кэндис Ли,Бобби Морс
Кэндис Ли,Лист
Кэндис Ли,Люсио
Кэндис Ли,Кирк Фогель
Кэндис Ли,Гиера
Кэндис Ли,Виктор Орлов
Кэндис Ли,Антон Иванов
Кэндис Ли,Вернер фон Штрукер
Кэндис Ли,Ванда Максимофф
Кэндис Ли,Майкл Питерсон
Кэндис Ли,Эдисон По
Кэндис Ли,Джозеф
Джимми,Бобби
Бобби,Стив Роджерс
Карл Хоффман,Пайк
Карл Хоффман,Пински
Ник Манолис,Кристиан Блейк
Ник Манолис,Оскар Клемонс
Ник Манолис,Пайк
Мисти Найт,Оскар Клемонс
Мисти Найт,Пински
Брэтт Махоуни,Пайк
Брэтт Махоуни,Корбин
Прендергаст,Оскар Клемонс
Прендергаст,Пайк
Бристоу,Бриджид О'Рейлли
Флорес,Эндри Генри
Мандарин,Раза
Мандарин,Джексон Норрисс
Мандарин,Абу Бакар
Мандарин,Ахмед
Мандарин,Омар
Митчелл Эллисон,Хаверсон
Карен Пейдж,Колдуэлл
Карен Пейдж,Хаверсон
Хенрикс,Хаверсон
Тейлор,Бен Урих
Тейлор,Колдуэлл
Тейлор,Хаверсон
Дженнифер Мэни,Колдуэлл
Дженнифер Мэни,Хаверсон
Бёр,Один
Бёр,Локи
Один,Тюр
Локи,Тюр
Говард Старк,Альфонсо Маккензи
Говард Старк,Джеффри Мейс
Говард Старк,Фил Колсон
Говард Старк,Роберт Гонзалес
Говард Старк,Александр Пирс
Говард Старк,Ник Фьюри
Говард Старк,Честер Филлипс
Говард Старк,Пегги Картер
Говард Старк,Келлер
Говард Старк,Дейзи Джонсон
Честер Филлипс,Альфонсо Маккензи
Честер Филлипс,Джеффри Мейс
Честер Филлипс,Фил Колсон
Честер Филлипс,Роберт Гонзалес
Честер Филлипс,Александр Пирс
Честер Филлипс,Ник Фьюри
Честер Филлипс,Говард Старк
Честер Филлипс,Пегги Картер
Честер Филлипс,Келлер
Честер Филлипс,Дейзи Джонсон
Пегги Картер,Альфонсо Маккензи
Пегги Картер,Джеффри Мейс
Пегги Картер,Фил Колсон
Пегги Картер,Роберт Гонзалес
Пегги Картер,Александр Пирс
Пегги Картер,Ник Фьюри
Пегги Картер,Говард Старк
Пегги Картер,Честер Филлипс
Пегги Картер,Келлер
Пегги Картер,Дейзи Джонсон
Альфонсо Маккензи,Мелинда Мэй
Альфонсо Маккензи,Джемма Симмонс
Альфонсо Маккензи,Дейзи Джонсон
Альфонсо Маккензи,Елена Родригес
Альфонсо Маккензи,Дэвис
Альфонсо Маккензи,Пайпер
Альфонсо Маккензи,Диаз
Альфонсо Маккензи,Дек Шо
Альфонсо Маккензи,Швея
Джеффри Мейс,Пегги Картер
Джеффри Мейс,Говард Старк
Джеффри Мейс,Хэнк Пим
Джеффри Мейс,Джанет ван Дайн
Джеффри Мейс,Митчелл Карсон
Джеффри Мейс,Александр Пирс
Джеффри Мейс,Наташа Романофф
Джеффри Мейс,Клинт Бартон
Джеффри Мейс,Стив Роджерс
Джеффри Мейс,Мария Хилл
Джеффри Мейс,Виктория Хэнд
Джеффри Мейс,Антуан Триплетт
Джеффри Мейс,Брок Рамлоу
Джеффри Мейс,Джек Роллинс
Джеффри Мейс,Шэрон Картер
Джеффри Мейс,Роберт Гонзалес
Джеффри Мейс,Бобби Морс
Джеффри Мейс,Лэнс Хантер
Джеффри Мейс,Вольфганг фон Штрукер
Джеффри Мейс,Лист
Джеффри Мейс,Арним Зола
Джеффри Мейс,Джоуи Гутьеррес
Джеффри Мейс,Линкольн Кэмпбелл
Джеффри Мейс,Нэтансон
Джеффри Мейс,Бёрроус
Джеффри Мейс,Билли Кёниг
Джеффри Мейс,Сэм Кёниг
Джеффри Мейс,Лео Фитц
Джеффри Мейс,Фил Колсон
Джеффри Мейс,Эйва Старр
Джеффри Мейс,Уитчер
Джеффри Мейс,Дэймон Келлер
Джеффри Мейс,Фокс
Джеффри Мейс,Тревор Хан
Джеффри Мейс,Рик Мэйсон
Фил Колсон,Джеффри Мейс
Фил Колсон,Пегги Картер
Фил Колсон,Говард Старк
Фил Колсон,Хэнк Пим
Фил Колсон,Джанет ван Дайн
Фил Колсон,Митчелл Карсон
Фил Колсон,Александр Пирс
Фил Колсон,Наташа Романофф
Фил Колсон,Клинт Бартон
Фил Колсон,Стив Роджерс
Фил Колсон,Мария Хилл
Фил Колсон,Виктория Хэнд
Фил Колсон,Антуан Триплетт
Фил Колсон,Брок Рамлоу
Фил Колсон,Джек Роллинс
Фил Колсон,Шэрон Картер
Фил Колсон,Роберт Гонзалес
Фил Колсон,Бобби Морс
Фил Колсон,Лэнс Хантер
Фил Колсон,Вольфганг фон Штрукер
Фил Колсон,Лист
Фил Колсон,Арним Зола
Фил Колсон,Джоуи Гутьеррес
Фил Колсон,Линкольн Кэмпбелл
Фил Колсон,Нэтансон
Фил Колсон,Бёрроус
Фил Колсон,Билли Кёниг
Фил Колсон,Сэм Кёниг
Фил Колсон,Лео Фитц
Фил Колсон,Эйва Старр
Фил Колсон,Уитчер
Фил Колсон,Дэймон Келлер
Фил Колсон,Фокс
Фил Колсон,Тревор Хан
Фил Колсон,Рик Мэйсон
Роберт Гонзалес,Джеффри Мейс
Роберт Гонзалес,Пегги Картер
Роберт Гонзалес,Говард Старк
Роберт Гонзалес,Хэнк Пим
Роберт Гонзалес,Джанет ван Дайн
Роберт Гонзалес,Митчелл Карсон
Роберт Гонзалес,Александр Пирс
Роберт Гонзалес,Наташа Романофф
Роберт Гонзалес,Клинт Бартон
Роберт Гонзалес,Стив Роджерс
Роберт Гонзалес,Мария Хилл
Роберт Гонзалес,Виктория Хэнд
Роберт Гонзалес,Антуан Триплетт
Роберт Гонзалес,Брок Рамлоу
Роберт Гонзалес,Джек Роллинс
Роберт Гонзалес,Шэрон Картер
Роберт Гонзалес,Бобби Морс
Роберт Гонзалес,Лэнс Хантер
Роберт Гонзалес,Вольфганг фон Штрукер
Роберт Гонзалес,Лист
Роберт Гонзалес,Арним Зола
Роберт Гонзалес,Джоуи Гутьеррес
Роберт Гонзалес,Линкольн Кэмпбелл
Роберт Гонзалес,Нэтансон
Роберт Гонзалес,Бёрроус
Роберт Гонзалес,Билли Кёниг
Роберт Гонзалес,Сэм Кёниг
Роберт Гонзалес,Лео Фитц
Роберт Гонзалес,Фил Колсон
Роберт Гонзалес,Эйва Старр
Роберт Гонзалес,Уитчер
Роберт Гонзалес,Дэймон Келлер
Роберт Гонзалес,Фокс
Роберт Гонзалес,Тревор Хан
Роберт Гонзалес,Рик Мэйсон
Александр Пирс,Джеффри Мейс
Александр Пирс,Пегги Картер
Александр Пирс,Говард Старк
Александр Пирс,Хэнк Пим
Александр Пирс,Джанет ван Дайн
Александр Пирс,Митчелл Карсон
Александр Пирс,Наташа Романофф
Александр Пирс,Клинт Бартон
Александр Пирс,Стив Роджерс
Александр Пирс,Мария Хилл
Александр Пирс,Виктория Хэнд
Александр Пирс,Антуан Триплетт
Александр Пирс,Джек Роллинс
Александр Пирс,Шэрон Картер
Александр Пирс,Роберт Гонзалес
Александр Пирс,Лэнс Хантер
Александр Пирс,Вольфганг фон Штрукер
Александр Пирс,Арним Зола
Александр Пирс,Джоуи Гутьеррес
Александр Пирс,Линкольн Кэмпбелл
Александр Пирс,Нэтансон
Александр Пирс,Бёрроус
Александр Пирс,Билли Кёниг
Александр Пирс,Сэм Кёниг
Александр Пирс,Лео Фитц
Александр Пирс,Фил Колсон
Александр Пирс,Эйва Старр
Александр Пирс,Уитчер
Александр Пирс,Дэймон Келлер
Александр Пирс,Фокс
Александр Пирс,Тревор Хан
Александр Пирс,Рик Мэйсон
Ник Фьюри,Джеффри Мейс
Ник Фьюри,Пегги Картер
Ник Фьюри,Говард Старк
Ник Фьюри,Хэнк Пим
Ник Фьюри,Джанет ван Дайн
Ник Фьюри,Митчелл Карсон
Ник Фьюри,Александр Пирс
Ник Фьюри,Наташа Романофф
Ник Фьюри,Клинт Бартон
Ник Фьюри,Стив Роджерс
Ник Фьюри,Мария Хилл
Ник Фьюри,Виктория Хэнд
Ник Фьюри,Антуан Триплетт
Ник Фьюри,Брок Рамлоу
Ник Фьюри,Джек Роллинс
Ник Фьюри,Шэрон Картер
Ник Фьюри,Роберт Гонзалес
Ник Фьюри,Бобби Морс
Ник Фьюри,Лэнс Хантер
Ник Фьюри,Вольфганг фон Штрукер
Ник Фьюри,Лист
Ник Фьюри,Арним Зола
Ник Фьюри,Джоуи Гутьеррес
Ник Фьюри,Линкольн Кэмпбелл
Ник Фьюри,Нэтансон
Ник Фьюри,Бёрроус
Ник Фьюри,Билли Кёниг
Ник Фьюри,Сэм Кёниг
Ник Фьюри,Лео Фитц
Ник Фьюри,Фил Колсон
Ник Фьюри,Эйва Старр
Ник Фьюри,Уитчер
Ник Фьюри,Дэймон Келлер
Ник Фьюри,Фокс
Ник Фьюри,Тревор Хан
Ник Фьюри,Рик Мэйсон
Говард Старк,Хэнк Пим
Говард Старк,Джанет ван Дайн
Говард Старк,Митчелл Карсон
Говард Старк,Наташа Романофф
Говард Старк,Клинт Бартон
Говард Старк,Стив Роджерс
Говард Старк,Мария Хилл
Говард Старк,Виктория Хэнд
Говард Старк,Антуан Триплетт
Говард Старк,Брок Рамлоу
Говард Старк,Джек Роллинс
Говард Старк,Шэрон Картер
Говард Старк,Бобби Морс
Говард Старк,Лэнс Хантер
Говард Старк,Вольфганг фон Штрукер
Говард Старк,Лист
Говард Старк,Арним Зола
Говард Старк,Джоуи Гутьеррес
Говард Старк,Линкольн Кэмпбелл
Говард Старк,Нэтансон
Говард Старк,Бёрроус
Говард Старк,Билли Кёниг
Говард Старк,Сэм Кёниг
Говард Старк,Лео Фитц
Говард Старк,Эйва Старр
Говард Старк,Уитчер
Говард Старк,Дэймон Келлер
Говард Старк,Фокс
Говард Старк,Тревор Хан
Говард Старк,Рик Мэйсон
Честер Филлипс,Хэнк Пим
Честер Филлипс,Джанет ван Дайн
Честер Филлипс,Митчелл Карсон
Честер Филлипс,Наташа Романофф
Честер Филлипс,Клинт Бартон
Честер Филлипс,Стив Роджерс
Честер Филлипс,Мария Хилл
Честер Филлипс,Виктория Хэнд
Честер Филлипс,Антуан Триплетт
Честер Филлипс,Брок Рамлоу
Честер Филлипс,Джек Роллинс
Честер Филлипс,Шэрон Картер
Честер Филлипс,Бобби Морс
Честер Филлипс,Лэнс Хантер
Честер Филлипс,Вольфганг фон Штрукер
Честер Филлипс,Лист
Честер Филлипс,Арним Зола
Честер Филлипс,Джоуи Гутьеррес
Честер Филлипс,Линкольн Кэмпбелл
Честер Филлипс,Нэтансон
Честер Филлипс,Бёрроус
Честер Филлипс,Билли Кёниг
Честер Филлипс,Сэм Кёниг
Честер Филлипс,Лео Фитц
Честер Филлипс,Эйва Старр
Честер Филлипс,Уитчер
Честер Филлипс,Дэймон Келлер
Честер Филлипс,Фокс
Честер Филлипс,Тревор Хан
Честер Филлипс,Рик Мэйсон
Пегги Картер,Хэнк Пим
Пегги Картер,Джанет ван Дайн
Пегги Картер,Митчелл Карсон
Пегги Картер,Наташа Романофф
Пегги Картер,Клинт Бартон
Пегги Картер,Стив Роджерс
Пегги Картер,Мария Хилл
Пегги Картер,Виктория Хэнд
Пегги Картер,Антуан Триплетт
Пегги Картер,Брок Рамлоу
Пегги Картер,Джек Роллинс
Пегги Картер,Шэрон Картер
Пегги Картер,Бобби Морс
Пегги Картер,Лэнс Хантер
Пегги Картер,Вольфганг фон Штрукер
Пегги Картер,Лист
Пегги Картер,Арним Зола
Пегги Картер,Джоуи Гутьеррес
Пегги Картер,Линкольн Кэмпбелл
Пегги Картер,Нэтансон
Пегги Картер,Бёрроус
Пегги Картер,Билли Кёниг
Пегги Картер,Сэм Кёниг
Пегги Картер,Лео Фитц
Пегги Картер,Эйва Старр
Пегги Картер,Уитчер
Пегги Картер,Дэймон Келлер
Пегги Картер,Фокс
Пегги Картер,Тревор Хан
Пегги Картер,Рик Мэйсон
Келлер,Джеффри Мейс
Келлер,Пегги Картер
Келлер,Говард Старк
Келлер,Хэнк Пим
Келлер,Джанет ван Дайн
Келлер,Митчелл Карсон
Келлер,Александр Пирс
Келлер,Наташа Романофф
Келлер,Клинт Бартон
Келлер,Стив Роджерс
Келлер,Мария Хилл
Келлер,Виктория Хэнд
Келлер,Антуан Триплетт
Келлер,Брок Рамлоу
Келлер,Джек Роллинс
Келлер,Шэрон Картер
Келлер,Роберт Гонзалес
Келлер,Бобби Морс
Келлер,Лэнс Хантер
Келлер,Вольфганг фон Штрукер
Келлер,Лист
Келлер,Арним Зола
Келлер,Джоуи Гутьеррес
Келлер,Линкольн Кэмпбелл
Келлер,Нэтансон
Келлер,Бёрроус
Келлер,Билли Кёниг
Келлер,Сэм Кёниг
Келлер,Лео Фитц
Келлер,Фил Колсон
Келлер,Эйва Старр
Келлер,Уитчер
Келлер,Дэймон Келлер
Келлер,Фокс
Келлер,Тревор Хан
Келлер,Рик Мэйсон
Дейзи Джонсон,Джеффри Мейс
Дейзи Джонсон,Пегги Картер
Дейзи Джонсон,Говард Старк
Дейзи Джонсон,Хэнк Пим
Дейзи Джонсон,Джанет ван Дайн
Дейзи Джонсон,Митчелл Карсон
Дейзи Джонсон,Александр Пирс
Дейзи Джонсон,Наташа Романофф
Дейзи Джонсон,Клинт Бартон
Дейзи Джонсон,Стив Роджерс
Дейзи Джонсон,Мария Хилл
Дейзи Джонсон,Виктория Хэнд
Дейзи Джонсон,Антуан Триплетт
Дейзи Джонсон,Брок Рамлоу
Дейзи Джонсон,Джек Роллинс
Дейзи Джонсон,Шэрон Картер
Дейзи Джонсон,Роберт Гонзалес
Дейзи Джонсон,Бобби Морс
Дейзи Джонсон,Лэнс Хантер
Дейзи Джонсон,Вольфганг фон Штрукер
Дейзи Джонсон,Лист
Дейзи Джонсон,Арним Зола
Дейзи Джонсон,Джоуи Гутьеррес
Дейзи Джонсон,Линкольн Кэмпбелл
Дейзи Джонсон,Нэтансон
Дейзи Джонсон,Бёрроус
Дейзи Джонсон,Билли Кёниг
Дейзи Джонсон,Сэм Кёниг
Дейзи Джонсон,Лео Фитц
Дейзи Джонсон,Фил Колсон
Дейзи Джонсон,Эйва Старр
Дейзи Джонсон,Уитчер
Дейзи Джонсон,Дэймон Келлер
Дейзи Джонсон,Фокс
Дейзи Джонсон,Тревор Хан
Дейзи Джонсон,Рик Мэйсон
Мелинда Мэй,Джеффри Мейс
Мелинда Мэй,Говард Старк
Мелинда Мэй,Хэнк Пим
Мелинда Мэй,Митчелл Карсон
Мелинда Мэй,Александр Пирс
Мелинда Мэй,Наташа Романофф
Мелинда Мэй,Клинт Бартон
Мелинда Мэй,Стив Роджерс
Мелинда Мэй,Виктория Хэнд
Мелинда Мэй,Шэрон Картер
Мелинда Мэй,Роберт Гонзалес
Мелинда Мэй,Вольфганг фон Штрукер
Мелинда Мэй,Джоуи Гутьеррес
Мелинда Мэй,Нэтансон
Мелинда Мэй,Лео Фитц
Мелинда Мэй,Фил Колсон
Мелинда Мэй,Эйва Старр
Мелинда Мэй,Уитчер
Джемма Симмонс,Пегги Картер
Джемма Симмонс,Митчелл Карсон
Джемма Симмонс,Александр Пирс
Джемма Симмонс,Стив Роджерс
Джемма Симмонс,Мария Хилл
Джемма Симмонс,Виктория Хэнд
Джемма Симмонс,Антуан Триплетт
Джемма Симмонс,Брок Рамлоу
Джемма Симмонс,Джек Роллинс
Джемма Симмонс,Роберт Гонзалес
Джемма Симмонс,Бобби Морс
Джемма Симмонс,Вольфганг фон Штрукер
Джемма Симмонс,Джоуи Гутьеррес
Джемма Симмонс,Нэтансон
Джемма Симмонс,Билли Кёниг
Джемма Симмонс,Сэм Кёниг
Джемма Симмонс,Уитчер
Джемма Симмонс,Фокс
Джемма Симмонс,Тревор Хан
Джемма Симмонс,Рик Мэйсон
Елена Родригес,Джеффри Мейс
Елена Родригес,Пегги Картер
Елена Родригес,Говард Старк
Елена Родригес,Хэнк Пим
Елена Родригес,Джанет ван Дайн
Елена Родригес,Наташа Романофф
Елена Родригес,Стив Роджерс
Елена Родригес,Виктория Хэнд
Елена Родригес,Антуан Триплетт
Елена Родригес,Брок Рамлоу
Елена Родригес,Шэрон Картер
Елена Родригес,Роберт Гонзалес
Елена Родригес,Лэнс Хантер
Елена Родригес,Арним Зола
Елена Родригес,Джоуи Гутьеррес
Елена Родригес,Линкольн Кэмпбелл
Елена Родригес,Нэтансон
Елена Родригес,Бёрроус
Елена Родригес,Сэм Кёниг
Елена Родригес,Эйва Старр
Елена Родригес,Уитчер
Дэвис,Джеффри Мейс
Дэвис,Хэнк Пим
Дэвис,Джанет ван Дайн
Дэвис,Митчелл Карсон
Дэвис,Александр Пирс
Дэвис,Наташа Романофф
Дэвис,Мария Хилл
Дэвис,Джек Роллинс
Дэвис,Шэрон Картер
Дэвис,Бобби Морс
Дэвис,Лэнс Хантер
Дэвис,Вольфганг фон Штрукер
Дэвис,Лист
Дэвис,Арним Зола
Дэвис,Джоуи Гутьеррес
Дэвис,Нэтансон
Дэвис,Бёрроус
Дэвис,Билли Кёниг
Дэвис,Сэм Кёниг
Дэвис,Фил Колсон
Дэвис,Дэймон Келлер
Дэвис,Фокс
Дэвис,Рик Мэйсон
Пайпер,Джеффри Мейс
Пайпер,Пегги Картер
Пайпер,Говард Старк
Пайпер,Наташа Романофф
Пайпер,Стив Роджерс
Пайпер,Мария Хилл
Пайпер,Брок Рамлоу
Пайпер,Джек Роллинс
Пайпер,Шэрон Картер
Пайпер,Роберт Гонзалес
Пайпер,Бобби Морс
Пайпер,Джоуи Гутьеррес
Пайпер,Нэтансон
Пайпер,Билли Кёниг
Пайпер,Сэм Кёниг
Пайпер,Фил Колсон
Пайпер,Фокс
Пайпер,Рик Мэйсон
Диаз,Митчелл Карсон
Диаз,Александр Пирс
Диаз,Джек Роллинс
Диаз,Бобби Морс
Диаз,Лист
Диаз,Джоуи Гутьеррес
Диаз,Линкольн Кэмпбелл
Диаз,Бёрроус
Диаз,Билли Кёниг
Диаз,Сэм Кёниг
Диаз,Фил Колсон
Диаз,Эйва Старр
Диаз,Дэймон Келлер
Диаз,Рик Мэйсон
Дек Шо,Джеффри Мейс
Дек Шо,Пегги Картер
Дек Шо,Говард Старк
Дек Шо,Джанет ван Дайн
Дек Шо,Митчелл Карсон
Дек Шо,Александр Пирс
Дек Шо,Наташа Романофф
Дек Шо,Клинт Бартон
Дек Шо,Виктория Хэнд
Дек Шо,Антуан Триплетт
Дек Шо,Брок Рамлоу
Дек Шо,Джек Роллинс
Дек Шо,Роберт Гонзалес
Дек Шо,Вольфганг фон Штрукер
Дек Шо,Лист
Дек Шо,Линкольн Кэмпбелл
Дек Шо,Бёрроус
Дек Шо,Билли Кёниг
Дек Шо,Сэм Кёниг
Дек Шо,Лео Фитц
Дек Шо,Уитчер
Дек Шо,Дэймон Келлер
Дек Шо,Рик Мэйсон
Швея,Джеффри Мейс
Швея,Пегги Картер
Швея,Говард Старк
Швея,Хэнк Пим
Швея,Джанет ван Дайн
Швея,Митчелл Карсон
Швея,Александр Пирс
Швея,Клинт Бартон
Швея,Стив Роджерс
Швея,Антуан Триплетт
Швея,Брок Рамлоу
Швея,Бобби Морс
Швея,Лэнс Хантер
Швея,Арним Зола
Швея,Джоуи Гутьеррес
Швея,Линкольн Кэмпбелл
Швея,Бёрроус
Швея,Лео Фитц
Швея,Фил Колсон
Швея,Эйва Старр
Швея,Уитчер
Швея,Дэймон Келлер
Швея,Фокс
Швея,Рик Мэйсон
Мэрон Джеймс,Эверетт Росс
Мэрон Джеймс,Дина Мадани
Мэрон Джеймс,Ник Фьюри
Мэрон Джеймс,Сара Рассел
Мэрон Джеймс,Уильям Роулинс
Эверетт Росс,Шэрон Картер
Дина Мадани,Шэрон Картер
Джурмеин,Вернон Мастерс
Джимми Ву,Вернон Мастерс
Джимми Ву,Бенджамин Пойндекстер
Альфонсо Маккензи,Йо-йо Родригес
Альфонсо Маккензи,Гиббс
Альфонсо Маккензи,Уилсон
Александр Пирс,Принс
Александр Пирс,Дэвис
Брок Рамлоу,Клинт Бартон
Брок Рамлоу,Наташа Романофф
Брок Рамлоу,Джек Роллинс
Брок Рамлоу,Принс
Брок Рамлоу,Дэймон Келлер
Брок Рамлоу,Дэвис
Брок Рамлоу,Тревор Хан
Джеффри Мейс,Принс
Джеффри Мейс,Дэвис
Мелинда Мэй,Джек Роллинс
Мелинда Мэй,Принс
Мелинда Мэй,Дэймон Келлер
Мелинда Мэй,Дэвис
Мелинда Мэй,Тревор Хан
Пайпер,Дэймон Келлер
Йо-йо Родригес,Клинт Бартон
Йо-йо Родригес,Джек Роллинс
Йо-йо Родригес,Принс
Йо-йо Родригес,Дэвис
Гиббс,Клинт Бартон
Гиббс,Джек Роллинс
Уилсон,Джек Роллинс
Уилсон,Принс
Уилсон,Дэймон Келлер
Уилсон,Тревор Хан
Диаз,Клинт Бартон
Диаз,Наташа Романофф
Диаз,Тревор Хан
Франклин Д. Рузвельт,Честер Филлипс
Честер Филлипс,Авраам Эрскин
Честер Филлипс,Роджер Дули
Честер Филлипс,Джек Томпсон
Честер Филлипс,Дэниел Суза
Честер Филлипс,Джон Флинн
Честер Филлипс,Роуз Робертс
Честер Филлипс,Яух
Антон Иванов,Эллен Надир
Антон Иванов,Альфа пёс
Антон Иванов,Такер Шокли
Феликс Блейк,Эллен Надир
Феликс Блейк,Альфа пёс
Феликс Блейк,Такер Шокли
Эллен Надир,Альфа
Эллен Надир,Оскар
Эллен Надир,Пит Боггс
Эллен Надир,Лев Бабиков
Альфа пёс,Альфа
Альфа пёс,Даллас Уайатт
Альфа пёс,Пит Боггс
Альфа пёс,Лев Бабиков
Такер Шокли,Альфа
Такер Шокли,Оскар
Такер Шокли,Пит Боггс
Такер Шокли,Джексон
Т'Чалла,Рамонда
Т'Чалла,Старейшина племени шахт
Т'Чалла,Старейшина племени рек
Т'Чалла,Старейшина племени торговли
Т'Чалла,М'Баку
Эрик Киллмонгер,В'Каби
Т'Чака,В'Каби
Старейшина племени шахт,В'Каби
Старейшина племени рек,В'Каби
М'Баку,В'Каби
Александра,Мадам Гао
Александра,Нобу Йошиока
Александра,Бакуто
Мадам Гао,Нобу Йошиока
Мадам Гао,Бакуто
Мадам Гао,Александра
Бакуто,Мадам Гао
Бакуто,Нобу Йошиока
Бакуто,Александра
Мадам Гао,Хирочи
Мадам Гао,Тайлер
Мадам Гао,Специалист
Мадам Гао,Андрей Везников
Мадам Гао,Григорий Везников
Мадам Гао,Невеста девяти пауков
Мадам Гао,Коса
Мадам Гао,Чжоу Ченг
Мадам Гао,Дэррил
Мадам Гао,Бекка Ю
Мадам Гао,Мэри
Нобу Йошиока,Аито
Нобу Йошиока,Хирочи
Нобу Йошиока,Кинг
Нобу Йошиока,Алекси
Нобу Йошиока,Вандо
Нобу Йошиока,Гарольд Мичам
Нобу Йошиока,Коллин Винг
Нобу Йошиока,Электра Начиос
Бакуто,Аито
Бакуто,Хирочи
Бакуто,Кинг
Бакуто,Алекси
Бакуто,Вандо
Бакуто,Гарольд Мичам
Бакуто,Коллин Винг
Бакуто,Электра Начиос
Александра,Аито
Александра,Хирочи
Александра,Кинг
Александра,Алекси
Александра,Вандо
Александра,Гарольд Мичам
Александра,Коллин Винг
Александра,Электра Начиос
Хирочи,Кинг
Тайлер,Хирочи
Тайлер,Вандо
Тайлер,Гарольд Мичам
Тайлер,Коллин Винг
Специалист,Хирочи
Специалист,Кинг
Специалист,Алекси
Специалист,Вандо
Специалист,Коллин Винг
Андрей Везников,Алекси
Андрей Везников,Гарольд Мичам
Андрей Везников,Коллин Винг
Андрей Везников,Электра Начиос
Григорий Везников,Хирочи
Григорий Везников,Кинг
Григорий Везников,Вандо
Григорий Везников,Коллин Винг
Невеста девяти пауков,Хирочи
Невеста девяти пауков,Вандо
Невеста девяти пауков,Гарольд Мичам
Невеста девяти пауков,Коллин Винг
Коса,Хирочи
Коса,Кинг
Коса,Алекси
Коса,Вандо
Чжоу Ченг,Аито
Чжоу Ченг,Гарольд Мичам
Чжоу Ченг,Электра Начиос
Дэррил,Хирочи
Бекка Ю,Аито
Бекка Ю,Хирочи
Бекка Ю,Кинг
Бекка Ю,Алекси
Бекка Ю,Гарольд Мичам
Бекка Ю,Электра Начиос
Мэри,Кинг
Мэри,Гарольд Мичам
Мэри,Коллин Винг
Мэри,Электра Начиос
Корг,Хаджу
Корг,Роско
Миек,Хаджу
Бифф,Хаджу
Бифф,Роско
Тасба,Хаджу
Старейшина племени рек,Накия
Старейшина племени границы,В'Каби
Старейшина племени границы,Окойе
Старейшина племени границы,Н'Таки
Мэттью Эллис,Гленн Талбот
Мэттью Эллис,Розалинда Прайс
Гленн Талбот,Стив Уилсон
Розалинда Прайс,Лютер Бэнкс
Розалинда Прайс,Гиера
Розалинда Прайс,Фил Колсон
Стив Уилсон,Лютер Бэнкс
Стив Уилсон,Гиера
Дэнни Рэнд,Железный кулак
Давос,Железный кулак
Куо,Железный кулак
Стакар Огорд,Клан Опустошителей Стакара
Стакар Огорд,Мартинекс
Стакар Огорд,Клан Опустошителей Йонду
Стакар Огорд,Краглин Обфонтери
Алета Огорд,Клан Опустошителей Стакара
Алета Огорд,Мартинекс
Алета Огорд,Клан Опустошителей Йонду
Алета Огорд,Краглин Обфонтери
Чарли-27,Клан Опустошителей Стакара
Чарли-27,Мартинекс
Чарли-27,Клан Опустошителей Йонду
Чарли-27,Краглин Обфонтери
Мейнфрейм,Клан Опустошителей Стакара
Мейнфрейм,Мартинекс
Мейнфрейм,Клан Опустошителей Йонду
Мейнфрейм,Краглин Обфонтери
Кругарр,Клан Опустошителей Стакара
Кругарр,Мартинекс
Кругарр,Клан Опустошителей Йонду
Кругарр,Краглин Обфонтери
Йонду Удонта,Клан Опустошителей Стакара
Йонду Удонта,Мартинекс
Йонду Удонта,Клан Опустошителей Йонду
Йонду Удонта,Краглин Обфонтери
Йонду Удонта,Питер Квилл/Звёздный Лорд
Йонду Удонта,Хоруз
Йонду Удонта,Джеф
Йонду Удонта,Вретч
Йонду Удонта,Халф-Нат
Йонду Удонта,Брал
Йонду Удонта,Обло
Йонду Удонта,Скроут
Йонду Удонта,Нарблик
Йонду Удонта,Туллк
Шокерфейс,Питер Квилл/Звёздный Лорд
Шокерфейс,Хоруз
Шокерфейс,Джеф
Шокерфейс,Вретч
Шокерфейс,Халф-Нат
Шокерфейс,Брал
Шокерфейс,Обло
Шокерфейс,Скроут
Шокерфейс,Нарблик
Шокерфейс,Туллк
Клан Опустошителей Стакара,Питер Квилл/Звёздный Лорд
Клан Опустошителей Стакара,Хоруз
Клан Опустошителей Стакара,Обло
Клан Опустошителей Стакара,Скроут
Клан Опустошителей Стакара,Туллк
Мартинекс,Вретч
Мартинекс,Обло
Мартинекс,Туллк
Клан Опустошителей Йонду,Джеф
Клан Опустошителей Йонду,Брал
Клан Опустошителей Йонду,Обло
Клан Опустошителей Йонду,Скроут
Клан Опустошителей Йонду,Нарблик
Краглин Обфонтери,Обло
Краглин Обфонтери,Нарблик
Краглин Обфонтери,Туллк
Стоун,Жак Дюшамп
Стоун,Куинн
Агамотто,Древняя
Агамотто,Кецилий
Агамотто,Дэниэл Драмм
Агамотто,Сол Рама
Агамотто,Люциан
Агамотто,Карл Мордо
Древняя,Кецилий
Древняя,Дэниэл Драмм
Древняя,Сол Рама
Древняя,Люциан
Древняя,Карл Мордо
Доктор Стрэндж,Сол Рама
Доктор Стрэндж,Люциан
Вонг,Кецилий
Вонг,Сол Рама
Вонг,Карл Мордо
Мастер Минору,Карл Мордо
Хамир,Кецилий
Хамир,Дэниэл Драмм
Хамир,Сол Рама
Хамир,Карл Мордо
Майлз Лайдон,Скай
Ирани Раэль,Романн Дэй
Ирани Раэль,Гартан Саал
Оран,Флора
Горгон,Палсус
Горгон,Локус
Горгон,Сакас
Флора,Локус
Хью Джонс,Томас Ричардс
Хью Джонс,Майлс Ван Эрт
Хью Джонс,Питер Скарборо
Кьювас,Астраны
Кьювас,Каллусианы
Кьювас,Кри
Кьювас,Реморат
Кьювас,Раджаки
Эстелла,Астраны
Эстелла,Каллусианы
Эстелла,Кри
Эстелла,Реморат
Эстелла,Раджаки
Тарин,Астраны
Тарин,Каллусианы
Тарин,Кри
Тарин,Реморат
Тарин,Раджаки
Маджеи,Астраны
Маджеи,Каллусианы
Маджеи,Кри
Маджеи,Реморат
Маджеи,Раджаки
Джокью,Астраны
Джокью,Каллусианы
Джокью,Кри
Джокью,Реморат
Джокью,Раджаки
Гленн Талбот,Астраны
Гленн Талбот,Каллусианы
Гленн Талбот,Кри
Гленн Талбот,Реморат
Гленн Талбот,Раджаки
Энн Мари Хог,Фостер
Эдриан Тумпс,Финес Мэйсон
Эдриан Тумпс,Герман Шульц
Эдриан Тумпс,Джексон Брайс
Эдриан Тумпс,Рэнди Вэйл
Ник Фьюри,Талос
Ник Фьюри,Кэмерон Кляйн
Ник Фьюри,Димитрий Смердяков
Ник Фьюри,Швея
Талос,Сорен
Император Кри,Посол кри
Император Кри,Вин-Так
Император Кри,Тарин
Император Кри,Йон-Рогг
Император Кри,Атт-Ласс
Император Кри,Брон-Чар
Высший разум,Минн-Эрва
Высший разум,Ронан Обвинитель
Высший разум,Корат Преследователь
Высший разум,Викар
Высший разум,Мастон-Дар
Высший разум,Фаулнак
Высший разум,Синара
Высший разум,Касиус
Высший разум,Хек-Сел
Высший разум,Доктор Кри
Высший разум,Кэрол Денверс/Верс/Капитан Марвел
Посол кри,Минн-Эрва
Посол кри,Мастон-Дар
Посол кри,Кэрол Денверс/Верс/Капитан Марвел
Вин-Так,Викар
Вин-Так,Мастон-Дар
Вин-Так,Фаулнак
Вин-Так,Касиус
Вин-Так,Хек-Сел
Вин-Так,Кэрол Денверс/Верс/Капитан Марвел
Тарин,Минн-Эрва
Тарин,Корат Преследователь
Тарин,Фаулнак
Тарин,Кэрол Денверс/Верс/Капитан Марвел
Йон-Рогг,Викар
Йон-Рогг,Мастон-Дар
Йон-Рогг,Касиус
Йон-Рогг,Кэрол Денверс/Верс/Капитан Марвел
Атт-Ласс,Минн-Эрва
Атт-Ласс,Корат Преследователь
Атт-Ласс,Викар
Атт-Ласс,Мастон-Дар
Атт-Ласс,Синара
Атт-Ласс,Касиус
Атт-Ласс,Хек-Сел
Атт-Ласс,Кэрол Денверс/Верс/Капитан Марвел
Брон-Чар,Ронан Обвинитель
Брон-Чар,Корат Преследователь
Брон-Чар,Мастон-Дар
Брон-Чар,Фаулнак
Брон-Чар,Доктор Кри
Башенга,Т'Чалла
Башенга,Аззури
Башенга,Т'Чака
Башенга,Н'Джадака
Т'Чалла,Шури
Аззури,Н'Джобу
Т'Чака,Н'Джобу
Н'Джадака,Н'Джобу
Шури,Н'Джобу
Говард Старк,Пеппер Поттс
Говард Старк,Обадайя Стейн
Говард Старк,Тони Старк
Пеппер Поттс,Хэппи Хоган
Пеппер Поттс,Бэмби Арбогаст
Говард Старк,Антон Ванко
Говард Старк,Квентин Бек
Говард Старк,Виктория Сноу
Говард Старк,Гутс Гутерман
Говард Старк,Дженис Линкольн
Говард Старк,Доуг
Говард Старк,Уильям Джинтер Рива
Обадайя Стейн,Антон Ванко
Обадайя Стейн,Наташа Романофф
Обадайя Стейн,Квентин Бек
Обадайя Стейн,Виктория Сноу
Обадайя Стейн,Гутс Гутерман
Обадайя Стейн,Дженис Линкольн
Обадайя Стейн,Мария Хилл
Обадайя Стейн,Доуг
Обадайя Стейн,Уильям Джинтер Рива
Тони Старк,Антон Ванко
Тони Старк,Наташа Романофф
Тони Старк,Квентин Бек
Тони Старк,Виктория Сноу
Тони Старк,Гутс Гутерман
Тони Старк,Дженис Линкольн
Тони Старк,Мария Хилл
Тони Старк,Доуг
Тони Старк,Уильям Джинтер Рива
Хэппи Хоган,Антон Ванко
Хэппи Хоган,Наташа Романофф
Хэппи Хоган,Виктория Сноу
Хэппи Хоган,Мария Хилл
Бэмби Арбогаст,Антон Ванко
Бэмби Арбогаст,Наташа Романофф
Бэмби Арбогаст,Квентин Бек
Бэмби Арбогаст,Гутс Гутерман
Бэмби Арбогаст,Дженис Линкольн
Бэмби Арбогаст,Доуг
Бэмби Арбогаст,Уильям Джинтер Рива
Венделл Рэнд,Уорд Мичам
Венделл Рэнд,Дэнни Рэнд
Венделл Рэнд,Гарольд Мичам
Гарольд Мичам,Уорд Мичам
Гарольд Мичам,Дэнни Рэнд
Гарольд Мичам,Венделл Рэнд
Уорд Мичам,Джой Мичам
Уорд Мичам,Меган
Уорд Мичам,Шеннон
Дэнни Рэнд,Джой Мичам
Дэнни Рэнд,Меган
Дэнни Рэнд,Шеннон
Венделл Рэнд,Джери Хогарт
Венделл Рэнд,Лоренс Уилкинс
Гарольд Мичам,Джери Хогарт
Гарольд Мичам,Лоренс Уилкинс
Джой Мичам,Лоренс Уилкинс
Меган,Джери Хогарт
Меган,Лоренс Уилкинс
Хэнк Пим,Даррен Кросс
Карл Малус,Лесли Хансен
Карл Малус,Инез Грин
Карл Малус,Уилл Симпсон
Миклос Козлов,Лесли Хансен
Миклос Козлов,Инез Грин
Миклос Козлов,Уилл Симпсон
Джастин Хаммер,Натали Рашман
Джастин Хаммер,Джек
